{
  "n_archs": 10,
  "device": "cpu",
  "gt_accuracies": [
    60.0,
    70.00894819666804,
    74.78740718403138,
    78.14140960695127,
    81.36094597619774,
    83.90521330466808,
    86.11653525112192,
    88.585621906393,
    91.66570280044006,
    94.0
  ],
  "arch_indices": [
    0,
    13022,
    4397,
    1715,
    9720,
    3945,
    8551,
    9534,
    5088,
    5588
  ],
  "proxy_scores": {
    "snip": [
      0.0,
      275.47189462184906,
      345.05808079242706,
      169.63432854413986,
      264.0364866554737,
      197.74185502529144,
      704.4048107862473,
      513.5798971652985,
      923.984423995018,
      438.2540709525347
    ],
    "grasp": [
      -1.4843746024006954e-11,
      0.007094008816218356,
      0.003729466145971694,
      -0.001743466454978304,
      0.0002751808066781547,
      -0.0017448971493474463,
      0.039975317528698984,
      -0.0005100913075484215,
      -1.2523336237485783,
      -0.015749794329849243
    ],
    "grad_norm": [
      0.34460118420885044,
      20.09221196925525,
      18.983393023451033,
      11.217055031458083,
      10.04143452899783,
      22.804083683395998,
      33.38161468240381,
      36.47761354902712,
      50.49697416588491,
      16.410453444848415
    ],
    "synflow": [
      0.0,
      1.232330532172333e+18,
      5.375685857037815e+29,
      9.321348477252169e+23,
      2.9781842039642016e+28,
      1.1609448342282568e+18,
      2.9851149897313464e+37,
      4.479355946010089e+28,
      NaN,
      NaN
    ],
    "naswot": [
      67.52114868164062,
      77.68388366699219,
      81.07795715332031,
      87.606201171875,
      87.257568359375,
      79.01954650878906,
      89.30294036865234,
      81.1052474975586,
      88.72987365722656,
      87.77218627929688
    ],
    "jacob_cov": [
      -92.10340118408203,
      71.65657806396484,
      70.70481872558594,
      -34.99178695678711,
      44.97721862792969,
      65.24319458007812,
      116.78450012207031,
      151.23492431640625,
      118.42980194091797,
      165.384765625
    ],
    "l2_norm": [
      15.3445279609813,
      43.85555528751301,
      60.21316399472474,
      83.43276972988649,
      72.59288506848571,
      43.719566048565184,
      83.40838543418984,
      43.72337981025552,
      83.37776546667402,
      83.33167702904419
    ]
  }
}